"Sr No.","Voucher Number",Name,Date,Amount
1,5590,"Gender Resources Centre",08-03-2014,313
2,5591,"Knowledge Academy",08-03-2014,360
3,5592,"Chamunda Multimax",08-03-2014,1830
4,5593,"Knowledge Academy",08-03-2014,100
5,5594,"Knowledge Academy",08-03-2014,75
6,5595,"Knowledge Academy",08-03-2014,80
7,5596,"Knowledge Academy",08-03-2014,87
8,5597,"Knowledge Academy",08-03-2014,158
9,5598,"Akhil Gujarat Kutch Vagad",08-03-2014,275
10,5599,"Expert Educare Pvt. Ltd.",08-03-2014,400
11,5600,"Knowledge Academy",08-03-2014,35
